nominal,data,curs,cdx
1,8/12/2025,79.6677,Доллар США
1,8/9/2025,79.7796,Доллар США
1,8/8/2025,79.3847,Доллар США
1,8/7/2025,80.1914,Доллар США
1,8/6/2025,80.0490,Доллар США
1,8/5/2025,79.6736,Доллар США
1,8/2/2025,80.3289,Доллар США
1,8/1/2025,80.3163,Доллар США
1,7/31/2025,81.8347,Доллар США
1,7/30/2025,82.2197,Доллар США
1,7/29/2025,79.5782,Доллар США
1,7/26/2025,79.5527,Доллар США
1,7/25/2025,78.8623,Доллар США
1,7/24/2025,78.4477,Доллар США
1,7/23/2025,78.0882,Доллар США
1,7/22/2025,78.3274,Доллар США
1,7/19/2025,78.3129,Доллар США
1,7/18/2025,78.1856,Доллар США
1,7/17/2025,77.9585,Доллар США
1,7/16/2025,77.9584,Доллар США
1,7/15/2025,78.3722,Доллар США
1,7/12/2025,77.8855,Доллар США
1,7/11/2025,77.9029,Доллар США
1,7/10/2025,78.1727,Доллар США
1,7/9/2025,78.1682,Доллар США
1,7/8/2025,78.7185,Доллар США
1,7/5/2025,78.8354,Доллар США
1,7/4/2025,78.7831,Доллар США
1,7/3/2025,78.6540,Доллар США
1,7/2/2025,78.4181,Доллар США
1,7/1/2025,78.5284,Доллар США
1,6/28/2025,78.4685,Доллар США
1,6/27/2025,78.2117,Доллар США
1,6/26/2025,78.1959,Доллар США
1,6/25/2025,78.3892,Доллар США
1,6/24/2025,78.2923,Доллар США
1,6/21/2025,78.5016,Доллар США
1,6/20/2025,78.4839,Доллар США
1,6/19/2025,78.7174,Доллар США
1,6/18/2025,78.7135,Доллар США
1,6/17/2025,78.5067,Доллар США
1,6/12/2025,79.0028,Доллар США
1,6/11/2025,78.6003,Доллар США
1,6/10/2025,79.1543,Доллар США
1,6/7/2025,79.1703,Доллар США
1,6/6/2025,79.1272,Доллар США
1,6/5/2025,78.5025,Доллар США
1,6/4/2025,78.8549,Доллар США
1,6/3/2025,79.1285,Доллар США
1,5/31/2025,78.6171,Доллар США
1,5/30/2025,78.4970,Доллар США
1,5/29/2025,79.6037,Доллар США
1,5/28/2025,79.6176,Доллар США
1,5/27/2025,79.6588,Доллар США
1,5/24/2025,79.7108,Доллар США
1,5/23/2025,79.7357,Доллар США
1,5/22/2025,79.7530,Доллар США
1,5/21/2025,80.3075,Доллар США
1,5/20/2025,80.4137,Доллар США
1,5/17/2025,80.7689,Доллар США
1,5/16/2025,80.3134,Доллар США
1,5/15/2025,80.2237,Доллар США
1,5/14/2025,80.5500,Доллар США
1,5/13/2025,80.8883,Доллар США
1,5/8/2025,80.8612,Доллар США
1,5/7/2025,80.9644,Доллар США
1,5/6/2025,81.9137,Доллар США
1,5/1/2025,81.4933,Доллар США
1,4/30/2025,81.5616,Доллар США
1,4/29/2025,82.5467,Доллар США
1,4/26/2025,82.6549,Доллар США
1,4/25/2025,82.8559,Доллар США
1,4/24/2025,82.3637,Доллар США
1,4/23/2025,81.4620,Доллар США
1,4/22/2025,80.7597,Доллар США
1,4/19/2025,81.1371,Доллар США
1,4/18/2025,82.0200,Доллар США
1,4/17/2025,82.5892,Доллар США
1,4/16/2025,82.3003,Доллар США
1,4/15/2025,82.7671,Доллар США
1,4/12/2025,84.0040,Доллар США
1,4/11/2025,85.0159,Доллар США
1,4/10/2025,86.0923,Доллар США
1,4/9/2025,85.4641,Доллар США
1,4/8/2025,86.1891,Доллар США
1,4/5/2025,84.2774,Доллар США
1,4/4/2025,84.3830,Доллар США
1,4/3/2025,84.5522,Доллар США
1,4/2/2025,84.8707,Доллар США
1,4/1/2025,85.4963,Доллар США
1,3/29/2025,83.6813,Доллар США
1,3/28/2025,83.8347,Доллар США
1,3/27/2025,84.2065,Доллар США
1,3/26/2025,84.1930,Доллар США
1,3/25/2025,83.8737,Доллар США
1,3/22/2025,84.6400,Доллар США
1,3/21/2025,84.3955,Доллар США
1,3/20/2025,82.8487,Доллар США
1,3/19/2025,81.5018,Доллар США
1,3/18/2025,84.3059,Доллар США
1,3/15/2025,85.5694,Доллар США
1,3/14/2025,86.6190,Доллар США
1,3/13/2025,86.6204,Доллар США
1,3/12/2025,86.5669,Доллар США
1,3/11/2025,88.3872,Доллар США
1,3/8/2025,89.1362,Доллар США
1,3/7/2025,89.5724,Доллар США
1,3/6/2025,89.7878,Доллар США
1,3/5/2025,89.2448,Доллар США
1,3/4/2025,89.2497,Доллар США
1,3/1/2025,88.2568,Доллар США
1,2/28/2025,87.6967,Доллар США
1,2/27/2025,85.9279,Доллар США
1,2/26/2025,86.6318,Доллар США
1,2/25/2025,88.2065,Доллар США
1,2/22/2025,88.1676,Доллар США
1,2/21/2025,88.5103,Доллар США
1,2/20/2025,90.4268,Доллар США
1,2/19/2025,91.3398,Доллар США
1,2/18/2025,91.4347,Доллар США
1,2/15/2025,90.3099,Доллар США
1,2/14/2025,91.0313,Доллар США
1,2/13/2025,94.0485,Доллар США
1,2/12/2025,95.8024,Доллар США
1,2/11/2025,96.7821,Доллар США
1,2/8/2025,97.2762,Доллар США
1,2/7/2025,96.9104,Доллар США
1,2/6/2025,98.0556,Доллар США
1,2/5/2025,98.5336,Доллар США
1,2/4/2025,99.9433,Доллар США
1,2/1/2025,97.8107,Доллар США
1,1/31/2025,98.0062,Доллар США
1,1/30/2025,98.0126,Доллар США
1,1/29/2025,97.9658,Доллар США
1,1/28/2025,97.1320,Доллар США
1,1/25/2025,98.2636,Доллар США
1,1/24/2025,99.0978,Доллар США
1,1/23/2025,98.2804,Доллар США
1,1/22/2025,99.9282,Доллар США
1,1/21/2025,101.9579,Доллар США
1,1/18/2025,102.4137,Доллар США
1,1/17/2025,102.3762,Доллар США
1,1/16/2025,102.8078,Доллар США
1,1/15/2025,103.4380,Доллар США
1,1/14/2025,102.7081,Доллар США
1,1/11/2025,101.9146,Доллар США
1,1/10/2025,102.2911,Доллар США
1,12/29/2024,101.6797,Доллар США
1,12/28/2024,100.5281,Доллар США
1,12/27/2024,99.2295,Доллар США
1,12/26/2024,99.6125,Доллар США
1,12/25/2024,99.8729,Доллар США
1,12/24/2024,101.6143,Доллар США
1,12/21/2024,102.3438,Доллар США
1,12/20/2024,103.4207,Доллар США
1,12/19/2024,102.7763,Доллар США
1,12/18/2024,102.9979,Доллар США
1,12/17/2024,102.9125,Доллар США
1,12/14/2024,103.4305,Доллар США
1,12/13/2024,103.9500,Доллар США
1,12/12/2024,103.2707,Доллар США
1,12/11/2024,100.0324,Доллар США
1,12/10/2024,99.3759,Доллар США
1,12/7/2024,99.4215,Доллар США
1,12/6/2024,103.3837,Доллар США
1,12/5/2024,104.2361,Доллар США
1,12/4/2024,106.1878,Доллар США
1,12/3/2024,107.1758,Доллар США
1,11/30/2024,107.7409,Доллар США
1,11/29/2024,109.5782,Доллар США
1,11/28/2024,108.0104,Доллар США
1,11/27/2024,105.0604,Доллар США
1,11/26/2024,103.7908,Доллар США
1,11/23/2024,102.5761,Доллар США
1,11/22/2024,100.6798,Доллар США
1,11/21/2024,100.2192,Доллар США
1,11/20/2024,100.0348,Доллар США
1,11/19/2024,99.9430,Доллар США
1,11/16/2024,99.9971,Доллар США
1,11/15/2024,99.0180,Доллар США
1,11/14/2024,98.3657,Доллар США
1,11/13/2024,97.9559,Доллар США
1,11/12/2024,97.9550,Доллар США
1,11/9/2024,97.8335,Доллар США
1,11/8/2024,98.0726,Доллар США
1,11/7/2024,98.2236,Доллар США
1,11/6/2024,98.0562,Доллар США
1,11/3/2024,97.5499,Доллар США
1,11/2/2024,97.4402,Доллар США
1,11/1/2024,97.0226,Доллар США
1,10/31/2024,97.0530,Доллар США
1,10/30/2024,97.3261,Доллар США
1,10/29/2024,97.2300,Доллар США
1,10/26/2024,96.6657,Доллар США
1,10/25/2024,96.7402,Доллар США
1,10/24/2024,96.6379,Доллар США
1,10/23/2024,96.5918,Доллар США
1,10/22/2024,96.0924,Доллар США
1,10/19/2024,96.4172,Доллар США
1,10/18/2024,97.1490,Доллар США
1,10/17/2024,97.2568,Доллар США
1,10/16/2024,97.0121,Доллар США
1,10/15/2024,96.1021,Доллар США
1,10/12/2024,96.0686,Доллар США
1,10/11/2024,97.2394,Доллар США
1,10/10/2024,96.9483,Доллар США
1,10/9/2024,96.1079,Доллар США
1,10/8/2024,96.0649,Доллар США
1,10/5/2024,94.8700,Доллар США
1,10/4/2024,95.0262,Доллар США
1,10/3/2024,94.5054,Доллар США
1,10/2/2024,93.3581,Доллар США
1,10/1/2024,93.2221,Доллар США
1,9/28/2024,92.7126,Доллар США
1,9/27/2024,92.4074,Доллар США
1,9/26/2024,92.3880,Доллар США
1,9/25/2024,92.8622,Доллар США
1,9/24/2024,92.9200,Доллар США
1,9/21/2024,92.5848,Доллар США
1,9/20/2024,92.6962,Доллар США
1,9/19/2024,91.6712,Доллар США
1,9/18/2024,91.4292,Доллар США
1,9/17/2024,91.1423,Доллар США
1,9/14/2024,90.9345,Доллар США
1,9/13/2024,91.1096,Доллар США
1,9/12/2024,91.2653,Доллар США
1,9/11/2024,91.1127,Доллар США
1,9/10/2024,90.3853,Доллар США
1,9/7/2024,89.8225,Доллар США
1,9/6/2024,89.7044,Доллар США
1,9/5/2024,88.9288,Доллар США
1,9/4/2024,88.6118,Доллар США
1,9/3/2024,90.0013,Доллар США
1,8/31/2024,91.1868,Доллар США
1,8/30/2024,91.4548,Доллар США
1,8/29/2024,91.4449,Доллар США
1,8/28/2024,91.4807,Доллар США
1,8/27/2024,91.7745,Доллар США
1,8/24/2024,91.6012,Доллар США
1,8/23/2024,91.2881,Доллар США
1,8/22/2024,91.6862,Доллар США
1,8/21/2024,90.6944,Доллар США
1,8/20/2024,89.5428,Доллар США
1,8/17/2024,88.9062,Доллар США
1,8/16/2024,88.7960,Доллар США
1,8/15/2024,90.0055,Доллар США
1,8/14/2024,92.6592,Доллар США
1,8/13/2024,89.9475,Доллар США
1,8/10/2024,87.9920,Доллар США
1,8/9/2024,86.5621,Доллар США
1,8/8/2024,85.9543,Доллар США
1,8/7/2024,85.1646,Доллар США
1,8/6/2024,84.9471,Доллар США
1,8/3/2024,85.7024,Доллар США
1,8/2/2024,85.7833,Доллар США
1,8/1/2024,86.1091,Доллар США
1,7/31/2024,86.3300,Доллар США
1,7/30/2024,86.5554,Доллар США
1,7/27/2024,85.5650,Доллар США
1,7/26/2024,85.4100,Доллар США
1,7/25/2024,86.5502,Доллар США
1,7/24/2024,87.2990,Доллар США
1,7/23/2024,87.7805,Доллар США
1,7/20/2024,88.0206,Доллар США
1,7/19/2024,87.8754,Доллар США
1,7/18/2024,88.0872,Доллар США
1,7/17/2024,88.2824,Доллар США
1,7/16/2024,87.8077,Доллар США
1,7/13/2024,87.7427,Доллар США
1,7/12/2024,87.9880,Доллар США
1,7/11/2024,87.8551,Доллар США
1,7/10/2024,88.0031,Доллар США
1,7/9/2024,88.1688,Доллар США
1,7/6/2024,88.1348,Доллар США
1,7/5/2024,88.1205,Доллар США
1,7/4/2024,87.9506,Доллар США
1,7/3/2024,87.9921,Доллар США
1,7/2/2024,87.2972,Доллар США
1,6/29/2024,85.7480,Доллар США
1,6/28/2024,84.9640,Доллар США
1,6/27/2024,87.8064,Доллар США
1,6/26/2024,87.2770,Доллар США
1,6/25/2024,87.3730,Доллар США
1,6/22/2024,87.9595,Доллар США
1,6/21/2024,85.4176,Доллар США
1,6/20/2024,82.6282,Доллар США
1,6/19/2024,87.0354,Доллар США
1,6/18/2024,89.0499,Доллар США
1,6/15/2024,89.0658,Доллар США
1,6/14/2024,88.2080,Доллар США
1,6/12/2024,89.0214,Доллар США
1,6/11/2024,88.9944,Доллар США
1,6/8/2024,88.7606,Доллар США
1,6/7/2024,88.7604,Доллар США
1,6/6/2024,88.7436,Доллар США
1,6/5/2024,88.7574,Доллар США
1,6/4/2024,89.3755,Доллар США
1,6/1/2024,90.1915,Доллар США
1,5/31/2024,89.7869,Доллар США
1,5/30/2024,89.2589,Доллар США
1,5/29/2024,88.4375,Доллар США
1,5/28/2024,88.6852,Доллар США
1,5/25/2024,89.7026,Доллар США
1,5/24/2024,90.2486,Доллар США
1,5/23/2024,90.1887,Доллар США
1,5/22/2024,90.4082,Доллар США
1,5/21/2024,90.6537,Доллар США
1,5/18/2024,90.9873,Доллар США
1,5/17/2024,90.9239,Доллар США
1,5/16/2024,91.2573,Доллар США
1,5/15/2024,91.3591,Доллар США
1,5/14/2024,91.6330,Доллар США
1,5/9/2024,91.8239,Доллар США
1,5/8/2024,91.1231,Доллар США
1,5/7/2024,91.3124,Доллар США
1,5/4/2024,91.6918,Доллар США
1,5/3/2024,92.0538,Доллар США
1,4/28/2024,91.7791,Доллар США
1,4/27/2024,92.0134,Доллар США
1,4/26/2024,92.1314,Доллар США
1,4/25/2024,92.5058,Доллар США
1,4/24/2024,93.2918,Доллар США
1,4/23/2024,93.2519,Доллар США
1,4/20/2024,93.4409,Доллар США
1,4/19/2024,94.0922,Доллар США
1,4/18/2024,94.3242,Доллар США
1,4/17/2024,94.0742,Доллар США
1,4/16/2024,93.5891,Доллар США
1,4/13/2024,93.4419,Доллар США
1,4/12/2024,93.7196,Доллар США
1,4/11/2024,93.2198,Доллар США
1,4/10/2024,92.7463,Доллар США
1,4/9/2024,92.5810,Доллар США
1,4/6/2024,92.4155,Доллар США
1,4/5/2024,92.3058,Доллар США
1,4/4/2024,92.3892,Доллар США
1,4/3/2024,92.5254,Доллар США
1,4/2/2024,92.2914,Доллар США
1,3/30/2024,92.3660,Доллар США
1,3/29/2024,92.2628,Доллар США
1,3/28/2024,92.5919,Доллар США
1,3/27/2024,92.5745,Доллар США
1,3/26/2024,92.7761,Доллар США
1,3/23/2024,92.6118,Доллар США
1,3/22/2024,91.9499,Доллар США
1,3/21/2024,92.6861,Доллар США
1,3/20/2024,92.2243,Доллар США
1,3/19/2024,91.9829,Доллар США
1,3/16/2024,91.8700,Доллар США
1,3/15/2024,91.6359,Доллар США
1,3/14/2024,91.5449,Доллар США
1,3/13/2024,90.8818,Доллар США
1,3/12/2024,90.6252,Доллар США
1,3/8/2024,90.7493,Доллар США
1,3/7/2024,90.3412,Доллар США
1,3/6/2024,91.1604,Доллар США
1,3/5/2024,91.3534,Доллар США
1,3/2/2024,91.3336,Доллар США
1,3/1/2024,90.8423,Доллар США
1,2/29/2024,91.8692,Доллар США
1,2/28/2024,92.0425,Доллар США
1,2/27/2024,92.6321,Доллар США
1,2/23/2024,92.7519,Доллар США
1,2/22/2024,92.4387,Доллар США
1,2/21/2024,92.3490,Доллар США
1,2/20/2024,92.4102,Доллар США
1,2/17/2024,92.5492,Доллар США
1,2/16/2024,91.8237,Доллар США
1,2/15/2024,91.4316,Доллар США
1,2/14/2024,91.2057,Доллар США
1,2/13/2024,91.0758,Доллар США
1,2/10/2024,90.8901,Доллар США
1,2/9/2024,91.2561,Доллар США
1,2/8/2024,91.1514,Доллар США
1,2/7/2024,90.6842,Доллар США
1,2/6/2024,91.2434,Доллар США
1,2/3/2024,90.6626,Доллар США
1,2/2/2024,90.2299,Доллар США
1,2/1/2024,89.6678,Доллар США
1,1/31/2024,89.2887,Доллар США
1,1/30/2024,89.6090,Доллар США
1,1/27/2024,89.5159,Доллар США
1,1/26/2024,88.6562,Доллар США
1,1/25/2024,88.2829,Доллар США
1,1/24/2024,87.9199,Доллар США
1,1/23/2024,87.9724,Доллар США
1,1/20/2024,88.5896,Доллар США
1,1/19/2024,88.6610,Доллар США
1,1/18/2024,88.3540,Доллар США
1,1/17/2024,87.6457,Доллар США
1,1/16/2024,87.6772,Доллар США
1,1/13/2024,88.1324,Доллар США
1,1/12/2024,88.7818,Доллар США
1,1/11/2024,89.3939,Доллар США
1,1/10/2024,90.4040,Доллар США
1,12/30/2023,89.6883,Доллар США
1,12/29/2023,90.3041,Доллар США
1,12/28/2023,91.7051,Доллар США
1,12/27/2023,91.7069,Доллар США
1,12/26/2023,91.9690,Доллар США
1,12/23/2023,91.9389,Доллар США
1,12/22/2023,91.7062,Доллар США
1,12/21/2023,90.4056,Доллар США
1,12/20/2023,90.0870,Доллар США
1,12/19/2023,90.4162,Доллар США
1,12/16/2023,89.6966,Доллар США
1,12/15/2023,89.6741,Доллар США
1,12/14/2023,89.8926,Доллар США
1,12/13/2023,90.2158,Доллар США
1,12/12/2023,90.9846,Доллар США
1,12/9/2023,91.6402,Доллар США
1,12/8/2023,92.5654,Доллар США
1,12/7/2023,92.7826,Доллар США
1,12/6/2023,91.5823,Доллар США
1,12/5/2023,90.6728,Доллар США
1,12/2/2023,89.7619,Доллар США
1,12/1/2023,88.5819,Доллар США
1,11/30/2023,88.8841,Доллар США
1,11/29/2023,88.6102,Доллар США
1,11/28/2023,88.7045,Доллар США
1,11/25/2023,88.8133,Доллар США
1,11/24/2023,88.1206,Доллар США
1,11/23/2023,88.1648,Доллар США
1,11/22/2023,87.8701,Доллар США
1,11/21/2023,88.4954,Доллар США
1,11/18/2023,89.1237,Доллар США
1,11/17/2023,88.9466,Доллар США
1,11/16/2023,89.4565,Доллар США
1,11/15/2023,91.2570,Доллар США
1,11/14/2023,92.1185,Доллар США
1,11/11/2023,92.0535,Доллар США
1,11/10/2023,91.9266,Доллар США
1,11/9/2023,92.1973,Доллар США
1,11/8/2023,92.4151,Доллар США
1,11/4/2023,93.0351,Доллар США
1,11/3/2023,93.1730,Доллар США
1,11/2/2023,93.2801,Доллар США
1,11/1/2023,92.0226,Доллар США
1,10/31/2023,93.2435,Доллар США
1,10/28/2023,93.2174,Доллар США
1,10/27/2023,93.5616,Доллар США
1,10/26/2023,93.1507,Доллар США
1,10/25/2023,93.5224,Доллар США
1,10/24/2023,94.7081,Доллар США
1,10/21/2023,95.9053,Доллар США
1,10/20/2023,97.3074,Доллар США
1,10/19/2023,97.3724,Доллар США
1,10/18/2023,97.3458,Доллар США
1,10/17/2023,97.2865,Доллар США
1,10/14/2023,97.3075,Доллар США
1,10/13/2023,96.9948,Доллар США
1,10/12/2023,99.9808,Доллар США
1,10/11/2023,99.9349,Доллар США
1,10/10/2023,101.3598,Доллар США
1,10/7/2023,100.4911,Доллар США
1,10/6/2023,99.6762,Доллар США
1,10/5/2023,99.4555,Доллар США
1,10/4/2023,99.2677,Доллар США
1,10/3/2023,98.4785,Доллар США
1,9/30/2023,97.4147,Доллар США
1,9/29/2023,97.0018,Доллар США
1,9/28/2023,96.5000,Доллар США
1,9/27/2023,96.2378,Доллар США
1,9/26/2023,96.1456,Доллар США
1,9/23/2023,96.0419,Доллар США
1,9/22/2023,96.0762,Доллар США
1,9/21/2023,96.6172,Доллар США
1,9/20/2023,96.2236,Доллар США
1,9/19/2023,96.6472,Доллар США
1,9/16/2023,96.6338,Доллар США
1,9/15/2023,96.1609,Доллар США
1,9/14/2023,95.9794,Доллар США
1,9/13/2023,94.7035,Доллар США
1,9/12/2023,96.5083,Доллар США
1,9/9/2023,97.9241,Доллар США
1,9/8/2023,98.1961,Доллар США
1,9/7/2023,97.8439,Доллар США
1,9/6/2023,97.5383,Доллар США
1,9/5/2023,96.6199,Доллар США
1,9/2/2023,96.3411,Доллар США
1,9/1/2023,96.3344,Доллар США
1,8/31/2023,95.9283,Доллар США
1,8/30/2023,95.7070,Доллар США
1,8/29/2023,95.4717,Доллар США
1,8/26/2023,94.7117,Доллар США
1,8/25/2023,94.4007,Доллар США
1,8/24/2023,94.4421,Доллар США
1,8/23/2023,94.1185,Доллар США
1,8/22/2023,94.1424,Доллар США
1,8/19/2023,93.4047,Доллар США
1,8/18/2023,93.7460,Доллар США
1,8/17/2023,96.7045,Доллар США
1,8/16/2023,97.4217,Доллар США
1,8/15/2023,101.0399,Доллар США
1,8/12/2023,98.2066,Доллар США
1,8/11/2023,97.2794,Доллар США
1,8/10/2023,97.3999,Доллар США
1,8/9/2023,96.0755,Доллар США
1,8/8/2023,96.5668,Доллар США
1,8/5/2023,94.8076,Доллар США
1,8/4/2023,93.7792,Доллар США
1,8/3/2023,92.8410,Доллар США
1,8/2/2023,91.7755,Доллар США
1,8/1/2023,91.5923,Доллар США
1,7/29/2023,90.9783,Доллар США
1,7/28/2023,90.0225,Доллар США
1,7/27/2023,90.0468,Доллар США
1,7/26/2023,90.0945,Доллар США
1,7/25/2023,90.4890,Доллар США
1,7/22/2023,90.3846,Доллар США
1,7/21/2023,90.8545,Доллар США
1,7/20/2023,91.2046,Доллар США
1,7/19/2023,90.6906,Доллар США
1,7/18/2023,90.4217,Доллар США
1,7/15/2023,90.1190,Доллар США
1,7/14/2023,90.1757,Доллар США
1,7/13/2023,90.6253,Доллар США
1,7/12/2023,90.5045,Доллар США
1,7/11/2023,91.4931,Доллар США
1,7/8/2023,91.6879,Доллар США
1,7/7/2023,92.5695,Доллар США
1,7/6/2023,90.3380,Доллар США
1,7/5/2023,89.5450,Доллар США
1,7/4/2023,89.3255,Доллар США
1,7/1/2023,88.3844,Доллар США
1,6/30/2023,87.0341,Доллар США
1,6/29/2023,85.6192,Доллар США
1,6/28/2023,85.0504,Доллар США
1,6/27/2023,84.6642,Доллар США
1,6/24/2023,84.0793,Доллар США
1,6/23/2023,83.6077,Доллар США
1,6/22/2023,84.2467,Доллар США
1,6/21/2023,84.2336,Доллар США
1,6/20/2023,83.9866,Доллар США
1,6/17/2023,83.6498,Доллар США
1,6/16/2023,83.9611,Доллар США
1,6/15/2023,84.3249,Доллар США
1,6/14/2023,83.6405,Доллар США
1,6/10/2023,82.6417,Доллар США
1,6/9/2023,82.0930,Доллар США
1,6/8/2023,81.4581,Доллар США
1,6/7/2023,81.2502,Доллар США
1,6/6/2023,81.3294,Доллар США
1,6/3/2023,80.8756,Доллар США
1,6/2/2023,80.9657,Доллар США
1,6/1/2023,80.9942,Доллар США
1,5/31/2023,80.6872,Доллар США
1,5/30/2023,80.0555,Доллар США
1,5/27/2023,79.9667,Доллар США
1,5/26/2023,79.9841,Доллар США
1,5/25/2023,79.9669,Доллар США
1,5/24/2023,80.1665,Доллар США
1,5/23/2023,79.9379,Доллар США
1,5/20/2023,79.9093,Доллар США
1,5/19/2023,80.0366,Доллар США
1,5/18/2023,80.7642,Доллар США
1,5/17/2023,79.9798,Доллар США
1,5/16/2023,79.1004,Доллар США
1,5/13/2023,77.2041,Доллар США
1,5/12/2023,75.8846,Доллар США
1,5/11/2023,76.6929,Доллар США
1,5/6/2023,76.8207,Доллар США
1,5/5/2023,78.6139,Доллар США
1,5/4/2023,79.3071,Доллар США
1,5/3/2023,79.9609,Доллар США
1,4/29/2023,80.5093,Доллар США
1,4/28/2023,81.5601,Доллар США
1,4/27/2023,81.6274,Доллар США
1,4/26/2023,81.5499,Доллар США
1,4/25/2023,81.2745,Доллар США
1,4/22/2023,81.4863,Доллар США
1,4/21/2023,81.6188,Доллар США
1,4/20/2023,81.6549,Доллар США
1,4/19/2023,81.6028,Доллар США
1,4/18/2023,81.6279,Доллар США
1,4/15/2023,81.5045,Доллар США
1,4/14/2023,81.6758,Доллар США
1,4/13/2023,82.0934,Доллар США
1,4/12/2023,82.1799,Доллар США
1,4/11/2023,81.7441,Доллар США
1,4/8/2023,82.3988,Доллар США
1,4/7/2023,80.6713,Доллар США
1,4/6/2023,79.4961,Доллар США
1,4/5/2023,79.3563,Доллар США
1,4/4/2023,77.9510,Доллар США
1,4/1/2023,77.3233,Доллар США
1,3/31/2023,77.0863,Доллар США
1,3/30/2023,76.9781,Доллар США
1,3/29/2023,76.5939,Доллар США
1,3/28/2023,76.5662,Доллар США
1,3/25/2023,76.4479,Доллар США
1,3/24/2023,76.3072,Доллар США
1,3/23/2023,76.9561,Доллар США
1,3/22/2023,76.8373,Доллар США
1,3/21/2023,77.2422,Доллар США
1,3/18/2023,76.6044,Доллар США
1,3/17/2023,76.4095,Доллар США
1,3/16/2023,75.7457,Доллар США
1,3/15/2023,75.1927,Доллар США
1,3/14/2023,75.4609,Доллар США
1,3/11/2023,75.9406,Доллар США
1,3/10/2023,75.9028,Доллар США
1,3/8/2023,75.4577,Доллар США
1,3/7/2023,75.4728,Доллар США
1,3/4/2023,75.4592,Доллар США
1,3/3/2023,75.4729,Доллар США
1,3/2/2023,75.2513,Доллар США
1,3/1/2023,74.8932,Доллар США
1,2/28/2023,75.4323,Доллар США
1,2/23/2023,74.7087,Доллар США
1,2/22/2023,74.8596,Доллар США
1,2/21/2023,74.0432,Доллар США
1,2/18/2023,74.7588,Доллар США
1,2/17/2023,74.7638,Доллар США
1,2/16/2023,74.2077,Доллар США
1,2/15/2023,73.8645,Доллар США
1,2/14/2023,73.6307,Доллар США
1,2/11/2023,72.7923,Доллар США
1,2/10/2023,72.8949,Доллар США
1,2/9/2023,71.5763,Доллар США
1,2/8/2023,70.8924,Доллар США
1,2/7/2023,70.5991,Доллар США
1,2/4/2023,70.3847,Доллар США
1,2/3/2023,70.0414,Доллар США
1,2/2/2023,70.1217,Доллар США
1,2/1/2023,70.5174,Доллар США
1,1/31/2023,69.5927,Доллар США
1,1/28/2023,69.3372,Доллар США
1,1/27/2023,69.1263,Доллар США
1,1/26/2023,68.9573,Доллар США
1,1/25/2023,68.7529,Доллар США
1,1/24/2023,68.6288,Доллар США
1,1/21/2023,68.6656,Доллар США
1,1/20/2023,68.8467,Доллар США
1,1/19/2023,68.8728,Доллар США
1,1/18/2023,68.6644,Доллар США
1,1/17/2023,68.2892,Доллар США
1,1/14/2023,67.5744,Доллар США
1,1/13/2023,67.7775,Доллар США
1,1/12/2023,69.0202,Доллар США
1,1/11/2023,69.6094,Доллар США
1,1/10/2023,70.3002,Доллар США
1,12/31/2022,70.3375,Доллар США
1,12/30/2022,71.9778,Доллар США
1,12/29/2022,71.3261,Доллар США
1,12/28/2022,69.9346,Доллар США
1,12/27/2022,68.4487,Доллар США
1,12/24/2022,68.6760,Доллар США
1,12/23/2022,72.1306,Доллар США
1,12/22/2022,70.5256,Доллар США
1,12/21/2022,69.0037,Доллар США
1,12/20/2022,66.3474,Доллар США
1,12/17/2022,64.6078,Доллар США
1,12/16/2022,64.3015,Доллар США
1,12/15/2022,63.3590,Доллар США
1,12/14/2022,63.2120,Доллар США
1,12/13/2022,62.7674,Доллар США
1,12/10/2022,62.3813,Доллар США
1,12/9/2022,62.5722,Доллар США
1,12/8/2022,62.9372,Доллар США
1,12/7/2022,62.9103,Доллар США
1,12/6/2022,62.1849,Доллар США
1,12/3/2022,61.7749,Доллар США
1,12/2/2022,61.1479,Доллар США
1,12/1/2022,60.8803,Доллар США
1,11/30/2022,61.0742,Доллар США
1,11/29/2022,60.7520,Доллар США
1,11/26/2022,60.4797,Доллар США
1,11/25/2022,60.3866,Доллар США
1,11/24/2022,60.5043,Доллар США
1,11/23/2022,60.6566,Доллар США
1,11/22/2022,60.7379,Доллар США
1,11/19/2022,60.3741,Доллар США
1,11/18/2022,60.3894,Доллар США
1,11/17/2022,60.3484,Доллар США
1,11/16/2022,60.3116,Доллар США
1,11/15/2022,60.3982,Доллар США
1,11/12/2022,60.2179,Доллар США
1,11/11/2022,61.2434,Доллар США
1,11/10/2022,61.0611,Доллар США
1,11/9/2022,60.9774,Доллар США
1,11/8/2022,61.2367,Доллар США
1,11/4/2022,62.0955,Доллар США
1,11/3/2022,61.6175,Доллар США
1,11/2/2022,61.4275,Доллар США
1,11/1/2022,61.6229,Доллар США
1,10/29/2022,61.5343,Доллар США
1,10/28/2022,61.3589,Доллар США
1,10/27/2022,61.4277,Доллар США
1,10/26/2022,61.3326,Доллар США
1,10/25/2022,61.1629,Доллар США
1,10/22/2022,61.1958,Доллар США
1,10/21/2022,61.5018,Доллар США
1,10/20/2022,61.5905,Доллар США
1,10/19/2022,61.7032,Доллар США
1,10/18/2022,61.7634,Доллар США
1,10/15/2022,63.0558,Доллар США
1,10/14/2022,63.4917,Доллар США
1,10/13/2022,63.7559,Доллар США
1,10/12/2022,63.6840,Доллар США
1,10/11/2022,62.3126,Доллар США
1,10/8/2022,61.2475,Доллар США
1,10/7/2022,60.2534,Доллар США
1,10/6/2022,59.4043,Доллар США
1,10/5/2022,58.7913,Доллар США
1,10/4/2022,57.5664,Доллар США
1,10/1/2022,55.2987,Доллар США
1,9/30/2022,57.4130,Доллар США
1,9/29/2022,58.4485,Доллар США
1,9/28/2022,58.1756,Доллар США
1,9/27/2022,57.9990,Доллар США
1,9/24/2022,58.1006,Доллар США
1,9/23/2022,59.8318,Доллар США
1,9/22/2022,60.8685,Доллар США
1,9/21/2022,60.0158,Доллар США
1,9/20/2022,60.1662,Доллар США
1,9/17/2022,60.0316,Доллар США
1,9/16/2022,59.6663,Доллар США
1,9/15/2022,59.7751,Доллар США
1,9/14/2022,60.0676,Доллар США
1,9/13/2022,60.4568,Доллар США
1,9/10/2022,60.4696,Доллар США
1,9/9/2022,60.8010,Доллар США
1,9/8/2022,61.1814,Доллар США
1,9/7/2022,60.8544,Доллар США
1,9/6/2022,60.9033,Доллар США
1,9/3/2022,60.3713,Доллар США
1,9/2/2022,60.2370,Доллар США
1,9/1/2022,60.2386,Доллар США
1,8/31/2022,60.3677,Доллар США
1,8/30/2022,60.3636,Доллар США
1,8/27/2022,60.0924,Доллар США
1,8/26/2022,59.7699,Доллар США
1,8/25/2022,59.9974,Доллар США
1,8/24/2022,59.8963,Доллар США
1,8/23/2022,59.7419,Доллар США
1,8/20/2022,59.1321,Доллар США
1,8/19/2022,59.9570,Доллар США
1,8/18/2022,60.7552,Доллар США
1,8/17/2022,61.4247,Доллар США
1,8/16/2022,61.3747,Доллар США
1,8/13/2022,60.8993,Доллар США
1,8/12/2022,60.6229,Доллар США
1,8/11/2022,60.4542,Доллар США
1,8/10/2022,60.3814,Доллар США
1,8/9/2022,60.3164,Доллар США
1,8/6/2022,60.3696,Доллар США
1,8/5/2022,60.2580,Доллар США
1,8/4/2022,60.2374,Доллар США
1,8/3/2022,60.1595,Доллар США
1,8/2/2022,62.0506,Доллар США
1,7/30/2022,61.3101,Доллар США
1,7/29/2022,60.2031,Доллар США
1,7/28/2022,60.2198,Доллар США
1,7/27/2022,58.6605,Доллар США
1,7/26/2022,57.7821,Доллар США
1,7/23/2022,57.3917,Доллар США
1,7/22/2022,56.4783,Доллар США
1,7/21/2022,54.8491,Доллар США
1,7/20/2022,55.4370,Доллар США
1,7/19/2022,56.5616,Доллар США
1,7/16/2022,57.8323,Доллар США
1,7/15/2022,58.2568,Доллар США
1,7/14/2022,58.5322,Доллар США
1,7/13/2022,58.8541,Доллар США
1,7/12/2022,61.3045,Доллар США
1,7/9/2022,61.2664,Доллар США
1,7/8/2022,63.1427,Доллар США
1,7/7/2022,62.9110,Доллар США
1,7/6/2022,58.5118,Доллар США
1,7/5/2022,55.0858,Доллар США
1,7/2/2022,53.7676,Доллар США
1,7/1/2022,52.5123,Доллар США
1,6/30/2022,51.1580,Доллар США
1,6/29/2022,52.9699,Доллар США
1,6/28/2022,53.3641,Доллар США
1,6/25/2022,53.3234,Доллар США
1,6/24/2022,53.3578,Доллар США
1,6/23/2022,53.2788,Доллар США
1,6/22/2022,54.7081,Доллар США
1,6/21/2022,56.1727,Доллар США
1,6/18/2022,56.7101,Доллар США
1,6/17/2022,56.8691,Доллар США
1,6/16/2022,56.6624,Доллар США
1,6/15/2022,57.0926,Доллар США
1,6/11/2022,57.7780,Доллар США
1,6/10/2022,58.3895,Доллар США
1,6/9/2022,60.2282,Доллар США
1,6/8/2022,60.9565,Доллар США
1,6/7/2022,61.1094,Доллар США
1,6/4/2022,61.9659,Доллар США
1,6/3/2022,61.5750,Доллар США
1,6/2/2022,61.4733,Доллар США
1,6/1/2022,61.6069,Доллар США
1,5/31/2022,63.0975,Доллар США
1,5/28/2022,66.4029,Доллар США
1,5/27/2022,62.0495,Доллар США
1,5/26/2022,56.2996,Доллар США
1,5/25/2022,56.9690,Доллар США
1,5/24/2022,58.2087,Доллар США
1,5/21/2022,58.8862,Доллар США
1,5/20/2022,62.4031,Доллар США
1,5/19/2022,63.5643,Доллар США
1,5/18/2022,63.5428,Доллар США
1,5/17/2022,63.4445,Доллар США
1,5/14/2022,63.7799,Доллар США
1,5/13/2022,65.7916,Доллар США
1,5/12/2022,68.8389,Доллар США
1,5/7/2022,67.3843,Доллар США
1,5/6/2022,66.2378,Доллар США
1,5/5/2022,69.4160,Доллар США
1,4/30/2022,71.0237,Доллар США
1,4/29/2022,72.2953,Доллар США
1,4/28/2022,72.8764,Доллар США
1,4/27/2022,72.7089,Доллар США
1,4/26/2022,73.3611,Доллар США
1,4/23/2022,73.5050,Доллар США
1,4/22/2022,74.9990,Доллар США
1,4/21/2022,77.0809,Доллар США
1,4/20/2022,79.0287,Доллар США
1,4/19/2022,79.4529,Доллар США
1,4/16/2022,80.0437,Доллар США
1,4/15/2022,81.2880,Доллар США
1,4/14/2022,79.8471,Доллар США
1,4/13/2022,79.6274,Доллар США
1,4/12/2022,79.1596,Доллар США
1,4/9/2022,74.8501,Доллар США
1,4/8/2022,76.2547,Доллар США
1,4/7/2022,82.5962,Доллар США
1,4/6/2022,83.3520,Доллар США
1,4/5/2022,83.5932,Доллар США
1,4/2/2022,83.4285,Доллар США
1,4/1/2022,83.4097,Доллар США
1,3/31/2022,84.0851,Доллар США
1,3/30/2022,86.2843,Доллар США
1,3/29/2022,93.7125,Доллар США
1,3/26/2022,95.6618,Доллар США
1,3/25/2022,96.0458,Доллар США
1,3/24/2022,103.1618,Доллар США
1,3/23/2022,104.0741,Доллар США
1,3/22/2022,104.6819,Доллар США
1,3/19/2022,103.9524,Доллар США
1,3/18/2022,104.8012,Доллар США
1,3/17/2022,108.0521,Доллар США
1,3/16/2022,111.4823,Доллар США
1,3/15/2022,115.1963,Доллар США
1,3/12/2022,116.7517,Доллар США
1,3/11/2022,120.3785,Доллар США
1,3/10/2022,116.0847,Доллар США
1,3/6/2022,105.8124,Доллар США
1,3/5/2022,105.8124,Доллар США
1,3/4/2022,111.7564,Доллар США
1,3/3/2022,103.2487,Доллар США
1,3/2/2022,91.7457,Доллар США
1,3/1/2022,93.5589,Доллар США
1,2/26/2022,83.5485,Доллар США
1,2/25/2022,86.9288,Доллар США
1,2/23/2022,80.4194,Доллар США
1,2/22/2022,76.7671,Доллар США
1,2/19/2022,75.7619,Доллар США
1,2/18/2022,75.7527,Доллар США
1,2/17/2022,75.0141,Доллар США
1,2/16/2022,76.1660,Доллар США
1,2/15/2022,76.5762,Доллар США
1,2/12/2022,74.9867,Доллар США
1,2/11/2022,74.7241,Доллар США
1,2/10/2022,74.8015,Доллар США
1,2/9/2022,75.3042,Доллар США
1,2/8/2022,75.6806,Доллар США
1,2/5/2022,76.0509,Доллар США
1,2/4/2022,76.6501,Доллар США
1,2/3/2022,76.4849,Доллар США
1,2/2/2022,77.1302,Доллар США
1,2/1/2022,77.4702,Доллар США
1,1/29/2022,77.8174,Доллар США
1,1/28/2022,78.9470,Доллар США
1,1/27/2022,78.9437,Доллар США
1,1/26/2022,78.6422,Доллар США
1,1/25/2022,77.3649,Доллар США
1,1/22/2022,76.6903,Доллар США
1,1/21/2022,76.4408,Доллар США
1,1/20/2022,76.8697,Доллар США
1,1/19/2022,76.3347,Доллар США
1,1/18/2022,76.0404,Доллар США
1,1/15/2022,75.7668,Доллар США
1,1/14/2022,74.5686,Доллар США
1,1/13/2022,74.5277,Доллар США
1,1/12/2022,74.8355,Доллар США
1,1/11/2022,75.1315,Доллар США
1,12/31/2021,74.2926,Доллар США
1,12/30/2021,73.6514,Доллар США
1,12/29/2021,73.4959,Доллар США
1,12/28/2021,73.2329,Доллар США
1,12/25/2021,73.1886,Доллар США
1,12/24/2021,73.3583,Доллар США
1,12/23/2021,73.7901,Доллар США
1,12/22/2021,73.8206,Доллар США
1,12/21/2021,74.2947,Доллар США
1,12/18/2021,73.7330,Доллар США
1,12/17/2021,73.5708,Доллар США
1,12/16/2021,73.8510,Доллар США
1,12/15/2021,73.4698,Доллар США
1,12/14/2021,73.4107,Доллар США
1,12/11/2021,73.6059,Доллар США
1,12/10/2021,73.5998,Доллар США
1,12/9/2021,73.8453,Доллар США
1,12/8/2021,74.1399,Доллар США
1,12/7/2021,73.6694,Доллар США
1,12/4/2021,73.7426,Доллар США
1,12/3/2021,74.0637,Доллар США
1,12/2/2021,73.9746,Доллар США
1,12/1/2021,74.8926,Доллар США
1,11/30/2021,74.9818,Доллар США
1,11/27/2021,75.5873,Доллар США
1,11/26/2021,74.6004,Доллар США
1,11/25/2021,74.3726,Доллар США
1,11/24/2021,74.8327,Доллар США
1,11/23/2021,73.4506,Доллар США
1,11/20/2021,72.7617,Доллар США
1,11/19/2021,72.6022,Доллар США
1,11/18/2021,72.8228,Доллар США
1,11/17/2021,72.5553,Доллар США
1,11/16/2021,72.2724,Доллар США
1,11/13/2021,71.8118,Доллар США
1,11/12/2021,71.1964,Доллар США
1,11/11/2021,70.6950,Доллар США
1,11/10/2021,71.2866,Доллар США
1,11/9/2021,71.3975,Доллар США
1,11/4/2021,71.4876,Доллар США
1,11/3/2021,71.4783,Доллар США
1,11/2/2021,71.0863,Доллар США
1,10/30/2021,70.5200,Доллар США
1,10/29/2021,70.5207,Доллар США
1,10/28/2021,69.8104,Доллар США
1,10/27/2021,69.5526,Доллар США
1,10/26/2021,70.1345,Доллар США
1,10/23/2021,70.8623,Доллар США
1,10/22/2021,70.9904,Доллар США
1,10/21/2021,71.0555,Доллар США
1,10/20/2021,70.9674,Доллар США
1,10/19/2021,71.1714,Доллар США
1,10/16/2021,71.2371,Доллар США
1,10/15/2021,71.7846,Доллар США
1,10/14/2021,71.8577,Доллар США
1,10/13/2021,71.8801,Доллар США
1,10/12/2021,71.6373,Доллар США
1,10/9/2021,71.9882,Доллар США
1,10/8/2021,72.2854,Доллар США
1,10/7/2021,72.5682,Доллар США
1,10/6/2021,72.5686,Доллар США
1,10/5/2021,72.9239,Доллар США
1,10/2/2021,72.9215,Доллар США
1,10/1/2021,72.6642,Доллар США
1,9/30/2021,72.7608,Доллар США
1,9/29/2021,72.5083,Доллар США
1,9/28/2021,72.6613,Доллар США
1,9/25/2021,73.0081,Доллар США
1,9/24/2021,72.7245,Доллар США
1,9/23/2021,72.8806,Доллар США
1,9/22/2021,73.2067,Доллар США
1,9/21/2021,73.3315,Доллар США
1,9/18/2021,72.5602,Доллар США
1,9/17/2021,72.4329,Доллар США
1,9/16/2021,72.8520,Доллар США
1,9/15/2021,72.7171,Доллар США
1,9/14/2021,73.0841,Доллар США
1,9/11/2021,72.7600,Доллар США
1,9/10/2021,73.1290,Доллар США
1,9/9/2021,73.4421,Доллар США
1,9/8/2021,73.1909,Доллар США
1,9/7/2021,72.9538,Доллар США
1,9/4/2021,72.8545,Доллар США
1,9/3/2021,72.8491,Доллар США
1,9/2/2021,73.1912,Доллар США
1,9/1/2021,73.2781,Доллар США
1,8/31/2021,73.5744,Доллар США
1,8/28/2021,73.9866,Доллар США
1,8/27/2021,73.9908,Доллар США
1,8/26/2021,73.7428,Доллар США
1,8/25/2021,73.9465,Доллар США
1,8/24/2021,74.0666,Доллар США
1,8/21/2021,74.3640,Доллар США
1,8/20/2021,74.1503,Доллар США
1,8/19/2021,73.4633,Доллар США
1,8/18/2021,73.4753,Доллар США
1,8/17/2021,73.3920,Доллар США
1,8/14/2021,73.4721,Доллар США
1,8/13/2021,73.5671,Доллар США
1,8/12/2021,73.9695,Доллар США
1,8/11/2021,73.5962,Доллар США
1,8/10/2021,73.5078,Доллар США
1,8/7/2021,73.1304,Доллар США
1,8/6/2021,73.1680,Доллар США
1,8/5/2021,72.7857,Доллар США
1,8/4/2021,72.8724,Доллар США
1,8/3/2021,73.0156,Доллар США
1,7/31/2021,73.1388,Доллар США
1,7/30/2021,73.1904,Доллар США
1,7/29/2021,73.6088,Доллар США
1,7/28/2021,73.8471,Доллар США
1,7/27/2021,74.0980,Доллар США
1,7/24/2021,73.7663,Доллар США
1,7/23/2021,73.6945,Доллар США
1,7/22/2021,74.4947,Доллар США
1,7/21/2021,74.4910,Доллар США
1,7/20/2021,74.3463,Доллар США
1,7/17/2021,74.1656,Доллар США
1,7/16/2021,74.2197,Доллар США
1,7/15/2021,74.1236,Доллар США
1,7/14/2021,74.0589,Доллар США
1,7/13/2021,74.6336,Доллар США
1,7/10/2021,74.4675,Доллар США
1,7/9/2021,75.1952,Доллар США
1,7/8/2021,74.0580,Доллар США
1,7/7/2021,73.2660,Доллар США
1,7/6/2021,73.3540,Доллар США
1,7/3/2021,73.6175,Доллар США
1,7/2/2021,72.9086,Доллар США
1,7/1/2021,72.7234,Доллар США
1,6/30/2021,72.3723,Доллар США
1,6/29/2021,72.1777,Доллар США
1,6/26/2021,72.1694,Доллар США
1,6/25/2021,72.3260,Доллар США
1,6/24/2021,72.6671,Доллар США
1,6/23/2021,73.1661,Доллар США
1,6/22/2021,73.1987,Доллар США
1,6/19/2021,72.2216,Доллар США
1,6/18/2021,72.5048,Доллар США
1,6/17/2021,72.0323,Доллар США
1,6/16/2021,71.8318,Доллар США
1,6/12/2021,71.6797,Доллар США
1,6/11/2021,72.1974,Доллар США
1,6/10/2021,72.0829,Доллар США
1,6/9/2021,72.8256,Доллар США
1,6/8/2021,72.9294,Доллар США
1,6/5/2021,73.2721,Доллар США
1,6/4/2021,73.2636,Доллар США
1,6/3/2021,73.4979,Доллар США
1,6/2/2021,73.2411,Доллар США
1,6/1/2021,73.2965,Доллар США
1,5/29/2021,73.5870,Доллар США
1,5/28/2021,73.4580,Доллар США
1,5/27/2021,73.4737,Доллар США
1,5/26/2021,73.3963,Доллар США
1,5/25/2021,73.5266,Доллар США
1,5/22/2021,73.5803,Доллар США
1,5/21/2021,73.6007,Доллар США
1,5/20/2021,73.6778,Доллар США
1,5/19/2021,73.6992,Доллар США
1,5/18/2021,73.8537,Доллар США
1,5/15/2021,73.9968,Доллар США
1,5/14/2021,74.3566,Доллар США
1,5/13/2021,74.0400,Доллар США
1,5/12/2021,74.1567,Доллар США
1,5/8/2021,74.1373,Доллар США
1,5/7/2021,74.5770,Доллар США
1,5/6/2021,74.8617,Доллар США
1,5/5/2021,75.2567,Доллар США
1,5/1/2021,74.8451,Доллар США
1,4/30/2021,74.3823,Доллар США
1,4/29/2021,74.9390,Доллар США
1,4/28/2021,74.9578,Доллар США
1,4/27/2021,74.7680,Доллар США
1,4/24/2021,75.0893,Доллар США
1,4/23/2021,76.4217,Доллар США
1,4/22/2021,76.8198,Доллар США
1,4/21/2021,76.0155,Доллар США
1,4/20/2021,76.2491,Доллар США
1,4/17/2021,75.5535,Доллар США
1,4/16/2021,76.9808,Доллар США
1,4/15/2021,75.6826,Доллар США
1,4/14/2021,77.2535,Доллар США
1,4/13/2021,77.5104,Доллар США
1,4/10/2021,77.1657,Доллар США
1,4/9/2021,77.1011,Доллар США
1,4/8/2021,77.7730,Доллар США
1,4/7/2021,76.3802,Доллар США
1,4/6/2021,76.6052,Доллар США
1,4/3/2021,76.0734,Доллар США
1,4/2/2021,75.8073,Доллар США
1,4/1/2021,75.6373,Доллар США
1,3/31/2021,75.7023,Доллар США
1,3/30/2021,75.8287,Доллар США
1,3/27/2021,75.7576,Доллар США
1,3/26/2021,76.1741,Доллар США
1,3/25/2021,76.1535,Доллар США
1,3/24/2021,75.3585,Доллар США
1,3/23/2021,74.6085,Доллар США
1,3/20/2021,74.1390,Доллар США
1,3/19/2021,73.6582,Доллар США
1,3/18/2021,73.1019,Доллар США
1,3/17/2021,72.9619,Доллар США
1,3/16/2021,73.2317,Доллар США
1,3/13/2021,73.5081,Доллар США
1,3/12/2021,73.4996,Доллар США
1,3/11/2021,74.0393,Доллар США
1,3/10/2021,74.2640,Доллар США
1,3/6/2021,74.4275,Доллар США
1,3/5/2021,73.7864,Доллар США
1,3/4/2021,73.5187,Доллар США
1,3/3/2021,74.5755,Доллар США
1,3/2/2021,74.0448,Доллар США
1,2/27/2021,74.4373,Доллар США
1,2/26/2021,73.4747,Доллар США
1,2/25/2021,73.7532,Доллар США
1,2/21/2021,73.9833,Доллар США
1,2/20/2021,73.9717,Доллар США
1,2/19/2021,73.7755,Доллар США
1,2/18/2021,73.7669,Доллар США
1,2/17/2021,73.2895,Доллар США
1,2/16/2021,73.3092,Доллар США
1,2/13/2021,73.9378,Доллар США
1,2/12/2021,73.7579,Доллар США
1,2/11/2021,73.8526,Доллар США
1,2/10/2021,74.1192,Доллар США
1,2/9/2021,74.2602,Доллар США
1,2/6/2021,75.1107,Доллар США
1,2/5/2021,75.7293,Доллар США
1,2/4/2021,76.0801,Доллар США
1,2/3/2021,75.9051,Доллар США
1,2/2/2021,75.5053,Доллар США
1,1/30/2021,76.2527,Доллар США
1,1/29/2021,76.1854,Доллар США
1,1/28/2021,75.0400,Доллар США
1,1/27/2021,75.6354,Доллар США
1,1/26/2021,74.8569,Доллар США
1,1/23/2021,74.3615,Доллар США
1,1/22/2021,73.3694,Доллар США
1,1/21/2021,73.3550,Доллар США
1,1/20/2021,73.7243,Доллар США
1,1/19/2021,73.9735,Доллар США
1,1/16/2021,73.5453,Доллар США
1,1/15/2021,73.7961,Доллар США
1,1/14/2021,73.5264,Доллар США
1,1/13/2021,74.2663,Доллар США
1,1/12/2021,74.5157,Доллар США
1,1/1/2021,73.8757,Доллар США
